<?xml version="1.0"?>
<!--Generated with glade3 3.4.5 on Wed Mar 11 11:42:48 2009 -->
<interface>
  <object class="GtkListStore" id="model1">
    <columns>
      <column type="gchararray"/>
    </columns>
    <data>
      <row>
        <col id="0">CHEMIST</col>
      </row>
      <row>
        <col id="0">HOSPITAL</col>
      </row>
      <row>
        <col id="0">BLOOD BANK</col>
      </row>
      <row>
        <col id="0">NGO</col>
      </row>
      <row>
        <col id="0">OTHERS</col>
      </row>
    </data>
  </object>
  <object class="GtkListStore" id="model2">
    <columns>
      <column type="gchararray"/>
    </columns>
    <data>
      <row>
        <col id="0">CHEMIST</col>
      </row>
      <row>
        <col id="0">HOSPITAL</col>
      </row>
      <row>
        <col id="0">BLOOD BANK</col>
      </row>
      <row>
        <col id="0">NGO</col>
      </row>
      <row>
        <col id="0">OTHERS</col>
      </row>
    </data>
  </object>
  <object class="GtkWindow" id="window">
    <signal handler="on_window_destroy" name="destroy"/>
    <child>
      <object class="GtkNotebook" id="doctor_notebook">
        <property name="visible">True</property>
        <property name="can_focus">True</property>
        <child>
          <object class="GtkVBox" id="vbox3">
            <property name="visible">True</property>
            <child>
              <object class="GtkVBox" id="vbox7">
                <property name="visible">True</property>
                <child>
                  <object class="GtkHButtonBox" id="hbuttonbox3">
                    <property name="visible">True</property>
                    <child>
                      <object class="GtkButton" id="inbox_attached">
                        <property name="visible">True</property>
                        <property name="can_focus">True</property>
                        <property name="receives_default">True</property>
                        <property name="label" translatable="yes">ATTACHMENT</property>
                        <signal handler="on_inbox_attached_clicked" name="clicked"/>
                      </object>
                    </child>
                    <child>
                      <object class="GtkButton" id="inbox_delete">
                        <property name="visible">True</property>
                        <property name="can_focus">True</property>
                        <property name="receives_default">True</property>
                        <property name="label" translatable="yes">DELETE</property>
                        <signal handler="on_inbox_delete_clicked" name="clicked"/>
                      </object>
                      <packing>
                        <property name="position">1</property>
                      </packing>
                    </child>
                  </object>
                  <packing>
                    <property name="expand">False</property>
                  </packing>
                </child>
                <child>
                  <object class="GtkScrolledWindow" id="scrolledwindow2">
                    <property name="visible">True</property>
                    <property name="can_focus">True</property>
                    <property name="hscrollbar_policy">GTK_POLICY_AUTOMATIC</property>
                    <property name="vscrollbar_policy">GTK_POLICY_AUTOMATIC</property>
                    <child>
                      <object class="GtkTextView" id="textview_inbox">
                        <property name="visible">True</property>
                        <property name="can_focus">True</property>
                      </object>
                    </child>
                  </object>
                  <packing>
                    <property name="position">1</property>
                  </packing>
                </child>
              </object>
            </child>
            <child>
              <object class="GtkHBox" id="hbox7">
                <property name="visible">True</property>
                <child>
                  <object class="GtkButton" id="prev">
                    <property name="visible">True</property>
                    <property name="can_focus">True</property>
                    <property name="receives_default">True</property>
                    <property name="label" translatable="yes">PREVIOUS</property>
                    <signal handler="on_prev_inbox_clicked" name="clicked"/>
                  </object>
                </child>
                <child>
                  <object class="GtkButton" id="reply">
                    <property name="visible">True</property>
                    <property name="can_focus">True</property>
                    <property name="receives_default">True</property>
                    <property name="label" translatable="yes">REPLY</property>
                    <signal handler="on_reply_inbox_clicked" name="clicked"/>
                  </object>
                  <packing>
                    <property name="position">1</property>
                  </packing>
                </child>
                <child>
                  <object class="GtkButton" id="nex">
                    <property name="visible">True</property>
                    <property name="can_focus">True</property>
                    <property name="receives_default">True</property>
                    <property name="label" translatable="yes">NEXT</property>
                    <signal handler="on_next_inbox_clicked" name="clicked"/>
                  </object>
                  <packing>
                    <property name="position">2</property>
                  </packing>
                </child>
              </object>
              <packing>
                <property name="expand">False</property>
                <property name="position">1</property>
              </packing>
            </child>
          </object>
        </child>
        <child type="tab">
          <object class="GtkLabel" id="label1">
            <property name="visible">True</property>
            <property name="label" translatable="yes">INBOX</property>
          </object>
          <packing>
            <property name="tab_fill">False</property>
          </packing>
        </child>
        <child>
          <object class="GtkVBox" id="vbox1">
            <property name="visible">True</property>
            <child>
              <object class="GtkLabel" id="label5">
                <property name="visible">True</property>
                <property name="label" translatable="yes">COMPOSE MAIL      </property>
              </object>
              <packing>
                <property name="expand">False</property>
                <property name="padding">3</property>
              </packing>
            </child>
            <child>
              <object class="GtkHBox" id="hbox1">
                <property name="visible">True</property>
                <child>
                  <object class="GtkLabel" id="label6">
                    <property name="width_request">170</property>
                    <property name="visible">True</property>
                    <property name="label" translatable="yes">To                                 </property>
                  </object>
                </child>
                <child>
                  <object class="GtkEntry" id="cm_to">
                    <property name="width_request">350</property>
                    <property name="visible">True</property>
                    <property name="can_focus">True</property>
                  </object>
                  <packing>
                    <property name="position">1</property>
                  </packing>
                </child>
              </object>
              <packing>
                <property name="expand">False</property>
                <property name="padding">10</property>
                <property name="position">1</property>
              </packing>
            </child>
            <child>
              <object class="GtkHBox" id="hbox2">
                <property name="visible">True</property>
                <child>
                  <object class="GtkLabel" id="label7">
                    <property name="width_request">170</property>
                    <property name="visible">True</property>
                    <property name="label" translatable="yes">SUBJECT                      </property>
                  </object>
                </child>
                <child>
                  <object class="GtkEntry" id="cm_subject">
                    <property name="width_request">350</property>
                    <property name="visible">True</property>
                    <property name="can_focus">True</property>
                  </object>
                  <packing>
                    <property name="position">1</property>
                  </packing>
                </child>
              </object>
              <packing>
                <property name="expand">False</property>
                <property name="padding">3</property>
                <property name="position">2</property>
              </packing>
            </child>
            <child>
              <object class="GtkHBox" id="hbox3">
                <property name="visible">True</property>
                <child>
                  <object class="GtkLabel" id="label8">
                    <property name="width_request">170</property>
                    <property name="visible">True</property>
                    <property name="label" translatable="yes">UPLOAD                      </property>
                  </object>
                </child>
                <child>
                  <object class="GtkFileChooserButton" id="cm_upload_folder">
                    <property name="width_request">350</property>
                    <property name="visible">True</property>
                    <signal handler="on_cm_upload_folder_file_set" name="file_set"/>
                  </object>
                  <packing>
                    <property name="position">1</property>
                  </packing>
                </child>
              </object>
              <packing>
                <property name="expand">False</property>
                <property name="padding">9</property>
                <property name="position">3</property>
              </packing>
            </child>
            <child>
              <object class="GtkVBox" id="vbox2">
                <property name="visible">True</property>
                <child>
                  <object class="GtkTextView" id="cm_textview">
                    <property name="visible">True</property>
                    <property name="can_focus">True</property>
                  </object>
                </child>
                <child>
                  <object class="GtkHBox" id="hbox4">
                    <property name="visible">True</property>
                    <child>
                      <object class="GtkHButtonBox" id="hbuttonbox1">
                        <property name="visible">True</property>
                        <child>
                          <object class="GtkButton" id="cm_reset">
                            <property name="visible">True</property>
                            <property name="can_focus">True</property>
                            <property name="receives_default">True</property>
                            <property name="label" translatable="yes">RESET</property>
                            <signal handler="on_cm_reset_clicked" name="clicked"/>
                          </object>
                        </child>
                        <child>
                          <object class="GtkButton" id="cm_submit">
                            <property name="visible">True</property>
                            <property name="can_focus">True</property>
                            <property name="receives_default">True</property>
                            <property name="label" translatable="yes">SUBMIT</property>
                            <signal handler="on_cm_submit_clicked" name="clicked"/>
                          </object>
                          <packing>
                            <property name="position">1</property>
                          </packing>
                        </child>
                      </object>
                      <packing>
                        <property name="padding">113</property>
                      </packing>
                    </child>
                  </object>
                  <packing>
                    <property name="expand">False</property>
                    <property name="position">1</property>
                  </packing>
                </child>
              </object>
              <packing>
                <property name="position">4</property>
              </packing>
            </child>
          </object>
        </child>
        <child type="tab">
          <object class="GtkLabel" id="label2">
            <property name="visible">True</property>
            <property name="label" translatable="yes">COMPOSE MAIL</property>
          </object>
          <packing>
            <property name="position">1</property>
            <property name="tab_fill">False</property>
          </packing>
        </child>
        <child>
          <object class="GtkVBox" id="vbox5">
            <property name="visible">True</property>
            <child>
              <object class="GtkLabel" id="label20">
                <property name="visible">True</property>
                <property name="label" translatable="yes">ADD CONTACT </property>
              </object>
              <packing>
                <property name="expand">False</property>
                <property name="padding">8</property>
              </packing>
            </child>
            <child>
              <object class="GtkVBox" id="vbox4">
                <property name="visible">True</property>
                <child>
                  <object class="GtkHBox" id="hbox8">
                    <property name="visible">True</property>
                    <child>
                      <object class="GtkLabel" id="label11">
                        <property name="width_request">150</property>
                        <property name="visible">True</property>
                        <property name="label" translatable="yes">NAME                           </property>
                      </object>
                      <packing>
                        <property name="expand">False</property>
                      </packing>
                    </child>
                    <child>
                      <object class="GtkEntry" id="cl_name">
                        <property name="width_request">450</property>
                        <property name="visible">True</property>
                        <property name="can_focus">True</property>
                      </object>
                      <packing>
                        <property name="expand">False</property>
                        <property name="position">1</property>
                      </packing>
                    </child>
                  </object>
                  <packing>
                    <property name="expand">False</property>
                  </packing>
                </child>
                <child>
                  <object class="GtkHBox" id="hbox9">
                    <property name="visible">True</property>
                    <child>
                      <object class="GtkLabel" id="label12">
                        <property name="width_request">150</property>
                        <property name="visible">True</property>
                        <property name="label" translatable="yes">DESIGNATION                </property>
                      </object>
                      <packing>
                        <property name="expand">False</property>
                      </packing>
                    </child>
                    <child>
                      <object class="GtkEntry" id="cl_dsgntn">
                        <property name="width_request">450</property>
                        <property name="visible">True</property>
                        <property name="can_focus">True</property>
                      </object>
                      <packing>
                        <property name="expand">False</property>
                        <property name="position">1</property>
                      </packing>
                    </child>
                  </object>
                  <packing>
                    <property name="expand">False</property>
                    <property name="position">1</property>
                  </packing>
                </child>
              </object>
              <packing>
                <property name="expand">False</property>
                <property name="position">1</property>
              </packing>
            </child>
            <child>
              <object class="GtkHBox" id="hbox16">
                <property name="visible">True</property>
                <child>
                  <object class="GtkLabel" id="label22">
                    <property name="width_request">150</property>
                    <property name="visible">True</property>
                    <property name="label" translatable="yes">ORGANIZATION  NAME </property>
                  </object>
                  <packing>
                    <property name="expand">False</property>
                  </packing>
                </child>
                <child>
                  <object class="GtkEntry" id="cl_org_name">
                    <property name="width_request">450</property>
                    <property name="visible">True</property>
                    <property name="can_focus">True</property>
                  </object>
                  <packing>
                    <property name="expand">False</property>
                    <property name="position">1</property>
                  </packing>
                </child>
              </object>
              <packing>
                <property name="expand">False</property>
                <property name="padding">2</property>
                <property name="position">2</property>
              </packing>
            </child>
            <child>
              <object class="GtkHBox" id="hbox17">
                <property name="visible">True</property>
                <child>
                  <object class="GtkLabel" id="label23">
                    <property name="width_request">150</property>
                    <property name="visible">True</property>
                    <property name="label" translatable="yes">CATEGORY                    </property>
                  </object>
                  <packing>
                    <property name="expand">False</property>
                  </packing>
                </child>
                <child>
                  <object class="GtkComboBox" id="cl_add_category">
                    <property name="width_request">450</property>
                    <property name="visible">True</property>
                    <property name="model">model1</property>
                    <child>
                      <object class="GtkCellRendererText" id="renderer1"/>
                      <attributes>
                        <attribute name="text">0</attribute>
                      </attributes>
                    </child>
                  </object>
                  <packing>
                    <property name="expand">False</property>
                    <property name="position">1</property>
                  </packing>
                </child>
              </object>
              <packing>
                <property name="expand">False</property>
                <property name="padding">2</property>
                <property name="position">3</property>
              </packing>
            </child>
            <child>
              <object class="GtkHBox" id="hbox18">
                <property name="visible">True</property>
                <child>
                  <object class="GtkLabel" id="label24">
                    <property name="width_request">150</property>
                    <property name="visible">True</property>
                    <property name="label" translatable="yes">Phn No,EMAIL-ID          </property>
                  </object>
                  <packing>
                    <property name="expand">False</property>
                  </packing>
                </child>
                <child>
                  <object class="GtkEntry" id="cl_phn_email">
                    <property name="width_request">450</property>
                    <property name="visible">True</property>
                    <property name="can_focus">True</property>
                  </object>
                  <packing>
                    <property name="expand">False</property>
                    <property name="position">1</property>
                  </packing>
                </child>
              </object>
              <packing>
                <property name="expand">False</property>
                <property name="padding">2</property>
                <property name="position">4</property>
              </packing>
            </child>
            <child>
              <object class="GtkHBox" id="hbox19">
                <property name="visible">True</property>
                <child>
                  <object class="GtkLabel" id="label25">
                    <property name="width_request">150</property>
                    <property name="visible">True</property>
                    <property name="label" translatable="yes">OFFICE ADDRESS        </property>
                  </object>
                  <packing>
                    <property name="expand">False</property>
                  </packing>
                </child>
                <child>
                  <object class="GtkEntry" id="cl_off_adrs">
                    <property name="width_request">450</property>
                    <property name="visible">True</property>
                    <property name="can_focus">True</property>
                  </object>
                  <packing>
                    <property name="expand">False</property>
                    <property name="position">1</property>
                  </packing>
                </child>
              </object>
              <packing>
                <property name="expand">False</property>
                <property name="padding">2</property>
                <property name="position">5</property>
              </packing>
            </child>
            <child>
              <object class="GtkHButtonBox" id="hbuttonbox4">
                <property name="visible">True</property>
                <property name="spacing">90</property>
                <property name="layout_style">GTK_BUTTONBOX_CENTER</property>
                <child>
                  <object class="GtkButton" id="cl_reset">
                    <property name="visible">True</property>
                    <property name="can_focus">True</property>
                    <property name="receives_default">True</property>
                    <property name="label" translatable="yes">RESET</property>
                    <signal handler="on_cl_reset_clicked" name="clicked"/>
                  </object>
                </child>
                <child>
                  <object class="GtkButton" id="cl_submit">
                    <property name="visible">True</property>
                    <property name="can_focus">True</property>
                    <property name="receives_default">True</property>
                    <property name="label" translatable="yes">SUBMIT</property>
                    <signal handler="on_cl_submit_clicked" name="clicked"/>
                  </object>
                  <packing>
                    <property name="position">1</property>
                  </packing>
                </child>
              </object>
              <packing>
                <property name="expand">False</property>
                <property name="padding">4</property>
                <property name="position">6</property>
              </packing>
            </child>
            <child>
              <object class="GtkVBox" id="vbox6">
                <property name="visible">True</property>
                <child>
                  <object class="GtkHBox" id="hbox20">
                    <property name="visible">True</property>
                    <child>
                      <object class="GtkHButtonBox" id="hbuttonbox2">
                        <property name="visible">True</property>
                        <property name="layout_style">GTK_BUTTONBOX_CENTER</property>
                        <child>
                          <object class="GtkLabel" id="label4">
                            <property name="visible">True</property>
                            <property name="label" translatable="yes">VIEW CONTACTS</property>
                          </object>
                          <packing>
                            <property name="expand">False</property>
                          </packing>
                        </child>
                        <child>
                          <object class="GtkComboBox" id="cl_view_category">
                            <property name="visible">True</property>
                            <signal handler="on_cl_view_category_changed" name="changed"/>
                            <property name="model">model2</property>
                            <child>
                              <object class="GtkCellRendererText" id="renderer2"/>
                              <attributes>
                                <attribute name="text">0</attribute>
                              </attributes>
                            </child>
                          </object>
                          <packing>
                            <property name="expand">False</property>
                            <property name="position">1</property>
                          </packing>
                        </child>
                      </object>
                      <packing>
                        <property name="expand">False</property>
                      </packing>
                    </child>
                  </object>
                  <packing>
                    <property name="expand">False</property>
                    <property name="padding">1</property>
                  </packing>
                </child>
                <child>
                  <object class="GtkScrolledWindow" id="scrolledwindow1">
                    <property name="visible">True</property>
                    <property name="can_focus">True</property>
                    <property name="hscrollbar_policy">GTK_POLICY_AUTOMATIC</property>
                    <property name="vscrollbar_policy">GTK_POLICY_AUTOMATIC</property>
                    <child>
                      <object class="GtkTextView" id="cl_view_contacts">
                        <property name="visible">True</property>
                        <property name="can_focus">True</property>
                      </object>
                    </child>
                  </object>
                  <packing>
                    <property name="position">1</property>
                  </packing>
                </child>
              </object>
              <packing>
                <property name="position">7</property>
              </packing>
            </child>
          </object>
        </child>
        <child type="tab">
          <object class="GtkLabel" id="label3">
            <property name="visible">True</property>
            <property name="label" translatable="yes">CONTACT LIST</property>
          </object>
          <packing>
            <property name="position">2</property>
            <property name="tab_fill">False</property>
          </packing>
        </child>
      </object>
    </child>
  </object>
</interface>
