<?xml version="1.0" encoding="utf-8"?><xml>

	<date>		
		<day>30</day>
		<month>3</month>
		<year>2009</year>
	</date>
	
	<time>
		<hours>14</hours>
		<minutes>12</minutes>
	</time>
	
	<gpsloc>
		<x>None</x>
		<y>None</y>
	</gpsloc>
	
	<filename>Mon Mar 30 14:12:10 2009.xml</filename>
	
	<kiosk_id>kashes911@gmail.com</kiosk_id>
	<kiosk_address>From config file</kiosk_address>
	<kiosk_id_password>shimpooisold</kiosk_id_password>
	<destination_id_doctor>shashi.rustagi2008@gmail.com</destination_id_doctor>
	<form_id>1</form_id>
	<topic>complaint form</topic>
	<user_name>kanika</user_name>
	
	<patient_info>
		<name>kanika</name>
		<age_sex>23</age_sex>
		<occupation>haj</occupation>
		<pr_comp>jh	</pr_comp>
		<med_taken>sbsjk</med_taken>
		<b_s>hahah</b_s>
		<upload_file_type>file</upload_file_type>
		<upload_file_name>None</upload_file_name>
		<upload_file>None</upload_file>
	</patient_info>

</xml>
